Sample.Label,Area,Effort,distance,size,Region.Label,month,OBs
PC03,140000,8,13.4,2,Default,may,WEC
PC03,140000,8,22.6,1,Default,may,WEC
PC03,140000,8,61.8,3,Default,may,WEC
PC03,140000,8,63,2,Default,may,WEC
PC07,140000,6,9.6,2,Default,may,WEC
PC07,140000,6,16.5,2,Default,may,WEC
PC07,140000,6,8.1,1,Default,may,WEC
PC07,140000,6,12.4,1,Default,may,WEC
PC07,140000,6,23.9,2,Default,may,WEC
PC07,140000,6,25.4,2,Default,may,WEC
PC06,140000,8,6.4,5,Default,may,WEC
PC06,140000,8,9.6,4,Default,may,WEC
PC06,140000,8,20.7,16,Default,may,WEC
PC06,140000,8,36.5,2,Default,may,WEC
PC06,140000,8,31.6,2,Default,may,WEC
PC08,140000,8,24.2,7,Default,may,WEC
PC08,140000,8,26.3,1,Default,may,WEC
PC08,140000,8,12.4,2,Default,may,WEC
PC08,140000,8,10,1,Default,may,WEC
PC08,140000,8,5.2,1,Default,may,WEC
PC08,140000,8,12.7,2,Default,may,WEC
PC08,140000,8,9.5,1,Default,may,WEC
PC08,140000,8,10.4,1,Default,may,WEC
PC08,140000,8,24.2,2,Default,may,WEC
PC11,140000,8,5.8,9,Default,may,WEC
PC11,140000,8,15.5,8,Default,may,WEC
PC11,140000,8,6.4,5,Default,may,WEC
PC11,140000,8,0,1,Default,may,WEC
PC11,140000,8,0,1,Default,may,WEC
PC11,140000,8,21.9,3,Default,may,WEC
PC11,140000,8,8.7,1,Default,may,WEC
PC11,140000,8,5.8,2,Default,may,WEC
PC14,140000,8,5.6,14,Default,may,WEC
PC14,140000,8,6.8,1,Default,may,WEC
PC14,140000,8,4.7,1,Default,may,WEC
PC14,140000,8,4.1,1,Default,may,WEC
PC14,140000,8,3.5,2,Default,may,WEC
PC14,140000,8,11.6,5,Default,may,WEC
PC14,140000,8,8.5,6,Default,may,WEC
PC14,140000,8,11.7,3,Default,may,WEC
PC14,140000,8,27.2,1,Default,may,WEC
PC14,140000,8,0,1,Default,may,WEC
PC14,140000,8,4.8,1,Default,may,WEC
PC14,140000,8,0,1,Default,may,WEC
PC14,140000,8,8.1,2,Default,may,WEC
PC14,140000,8,5.2,2,Default,may,WEC
PC14,140000,8,9,8,Default,may,WEC
PC16,140000,8,10.5,6,Default,may,WEC
PC16,140000,8,10.3,4,Default,may,WEC
PC16,140000,8,12.3,1,Default,may,WEC
PC16,140000,8,5.5,2,Default,may,WEC
PC16,140000,8,18.5,1,Default,may,WEC
PC16,140000,8,6.6,1,Default,may,WEC
PC16,140000,8,14.3,1,Default,may,WEC
PC16,140000,8,5.8,1,Default,may,WEC
PC16,140000,8,7.6,1,Default,may,WEC
PC16,140000,8,13.9,1,Default,may,WEC
PC16,140000,8,9.2,7,Default,may,WEC
PC16,140000,8,18.2,6,Default,may,WEC
PC16,140000,8,5.6,2,Default,may,WEC
PC16,140000,8,31.6,3,Default,may,WEC
PC16,140000,8,15.6,1,Default,may,WEC
PC09,140000,8,11.2,3,Default,may,ACM
PC09,140000,8,9,2,Default,may,ACM
PC09,140000,8,12.3,3,Default,may,ACM
PC09,140000,8,21.9,3,Default,may,ACM
PC09,140000,8,18.2,1,Default,may,ACM
PC09,140000,8,24.6,5,Default,may,ACM
PC09,140000,8,20.7,1,Default,may,ACM
PC09,140000,8,28.1,3,Default,may,ACM
PC09,140000,8,23.8,1,Default,may,ACM
PC10,140000,8,3.3,6,Default,may,ACM
PC10,140000,8,4.5,3,Default,may,ACM
PC10,140000,8,10.3,3,Default,may,ACM
PC10,140000,8,12.8,4,Default,may,ACM
PC10,140000,8,8.9,4,Default,may,ACM
PC10,140000,8,6.5,2,Default,may,ACM
PC10,140000,8,8.3,1,Default,may,ACM
PC10,140000,8,6.1,5,Default,may,ACM
PC10,140000,8,9.1,3,Default,may,ACM
PC10,140000,8,15.5,1,Default,may,ACM
PC10,140000,8,16.6,2,Default,may,ACM
PC10,140000,8,22.2,2,Default,may,ACM
PC12,140000,6,6.6,11,Default,may,ACM
PC12,140000,6,6.7,12,Default,may,ACM
PC12,140000,6,9.7,1,Default,may,ACM
PC12,140000,6,3.3,1,Default,may,ACM
PC12,140000,6,15,1,Default,may,ACM
PC12,140000,6,35.2,10,Default,may,ACM
PC13,140000,8,9.5,5,Default,may,ACM
PC13,140000,8,9.7,7,Default,may,ACM
PC13,140000,8,8.9,3,Default,may,ACM
PC13,140000,8,6.2,2,Default,may,ACM
PC15,140000,8,15.9,4,Default,may,WEC
PC15,140000,8,0,1,Default,may,WEC
PC15,140000,8,0,2,Default,may,WEC
PC15,140000,8,23.8,6,Default,may,WEC
PC15,140000,8,20.6,6,Default,may,WEC
PC15,140000,8,30.2,1,Default,may,WEC
PC15,140000,8,43.1,7,Default,may,WEC
PC15,140000,8,27.8,3,Default,may,WEC
PC15,140000,8,36.5,4,Default,may,WEC
PC15,140000,8,31.6,1,Default,may,WEC
PC15,140000,8,30.1,1,Default,may,WEC
PC15,140000,8,29.5,5,Default,may,WEC
PC13,140000,8,23.1,3,Default,may,WEC
PC13,140000,8,28.9,1,Default,may,WEC
PC13,140000,8,5,2,Default,may,WEC
PC13,140000,8,12.4,5,Default,may,WEC
PC13,140000,8,9.2,3,Default,may,WEC
PC13,140000,8,9.1,1,Default,may,WEC
PC13,140000,8,13.6,2,Default,may,WEC
PC13,140000,8,8.7,1,Default,may,WEC
PC13,140000,8,42.4,1,Default,may,WEC
PC13,140000,8,34,1,Default,may,WEC
PC13,140000,8,23.3,2,Default,may,WEC
PC13,140000,8,15.9,1,Default,may,WEC
PC13,140000,8,15.6,17,Default,may,WEC
PC13,140000,8,3.8,5,Default,may,WEC
PC13,140000,8,12.4,2,Default,may,WEC
PC13,140000,8,10.8,2,Default,may,WEC
PC10,140000,8,12.6,3,Default,may,WEC
PC10,140000,8,8.1,4,Default,may,WEC
PC10,140000,8,7.9,5,Default,may,WEC
PC10,140000,8,7.9,1,Default,may,WEC
PC10,140000,8,15.1,5,Default,may,WEC
PC10,140000,8,23.4,2,Default,may,WEC
PC10,140000,8,32.2,2,Default,may,WEC
PC10,140000,8,30.3,1,Default,may,WEC
PC10,140000,8,37.8,1,Default,may,WEC
PC10,140000,8,38.1,5,Default,may,WEC
PC10,140000,8,5.5,4,Default,may,WEC
PC10,140000,8,8.8,1,Default,may,WEC
PC10,140000,8,8.7,1,Default,may,WEC
PC10,140000,8,19.6,2,Default,may,WEC
PC10,140000,8,47.2,5,Default,may,WEC
PC09,140000,8,14.1,3,Default,may,WEC
PC09,140000,8,20.4,1,Default,may,WEC
PC09,140000,8,12.8,1,Default,may,WEC
PC09,140000,8,18.7,1,Default,may,WEC
PC09,140000,8,34.9,4,Default,may,WEC
PC09,140000,8,23.6,2,Default,may,WEC
PC09,140000,8,14.7,1,Default,may,WEC
PC09,140000,8,26,4,Default,may,WEC
PC09,140000,8,19.4,1,Default,may,WEC
PC09,140000,8,20.3,1,Default,may,WEC
PC09,140000,8,14.3,1,Default,may,WEC
PC09,140000,8,19.2,8,Default,may,WEC
PC06,140000,8,8.3,1,Default,may,WEC
PC06,140000,8,16.9,26,Default,may,WEC
PC06,140000,8,6.6,5,Default,may,WEC
PC06,140000,8,24.7,1,Default,may,WEC
PC06,140000,8,28.6,1,Default,may,WEC
PC06,140000,8,6.4,4,Default,may,WEC
PC06,140000,8,95.8,1,Default,may,WEC
PC12,140000,6,11.3,1,Default,may,WEC
PC12,140000,6,8.8,7,Default,may,WEC
PC12,140000,6,8.5,5,Default,may,WEC
PC12,140000,6,5.5,4,Default,may,WEC
PC12,140000,6,18.8,3,Default,may,WEC
PC12,140000,6,32.7,3,Default,may,WEC
PC12,140000,6,34.5,12,Default,may,WEC
PC12,140000,6,20.8,2,Default,may,WEC
PC15,140000,8,3.4,2,Default,may,WEC
PC15,140000,8,15.7,5,Default,may,WEC
PC15,140000,8,22.5,2,Default,may,WEC
PC15,140000,8,35.8,7,Default,may,WEC
PC15,140000,8,34.5,7,Default,may,WEC
PC15,140000,8,15.2,5,Default,may,WEC
PC13,140000,8,8.1,2,Default,may,WEC
PC13,140000,8,13.9,1,Default,may,WEC
PC13,140000,8,13.5,5,Default,may,WEC
PC13,140000,8,6.3,2,Default,may,WEC
PC13,140000,8,10.1,3,Default,may,WEC
PC13,140000,8,8,1,Default,may,WEC
PC13,140000,8,10.4,1,Default,may,WEC
PC13,140000,8,17.4,3,Default,may,WEC
PC13,140000,8,27.2,4,Default,may,WEC
PC13,140000,8,45.9,4,Default,may,WEC
PC12,140000,6,3.7,4,Default,may,WEC
PC12,140000,6,5,9,Default,may,WEC
PC12,140000,6,6.6,7,Default,may,WEC
PC12,140000,6,6.7,2,Default,may,WEC
PC12,140000,6,4.6,1,Default,may,WEC
PC12,140000,6,15.8,1,Default,may,WEC
PC12,140000,6,18.4,2,Default,may,WEC
PC10,140000,8,0,7,Default,may,WEC
PC10,140000,8,8.1,6,Default,may,WEC
PC10,140000,8,12.1,4,Default,may,WEC
PC10,140000,8,11.2,3,Default,may,WEC
PC10,140000,8,7.6,3,Default,may,WEC
PC10,140000,8,22.2,5,Default,may,WEC
PC10,140000,8,14.5,2,Default,may,WEC
PC09,140000,8,8.3,1,Default,may,WEC
PC09,140000,8,25.2,2,Default,may,WEC
PC09,140000,8,24.5,3,Default,may,WEC
PC09,140000,8,33.3,1,Default,may,WEC
PC09,140000,8,14.3,2,Default,may,WEC
PC09,140000,8,13.1,5,Default,may,WEC
PC09,140000,8,36.6,1,Default,may,WEC
PC09,140000,8,25.3,3,Default,may,WEC
PC09,140000,8,14.9,2,Default,may,WEC
PC09,140000,8,21.3,1,Default,may,WEC
PC06,140000,8,0,6,Default,may,WEC
PC06,140000,8,6.8,2,Default,may,WEC
PC06,140000,8,9.8,7,Default,may,WEC
PC06,140000,8,19.6,2,Default,may,WEC
PC16,140000,8,5.8,4,Default,may,ACM
PC16,140000,8,16.3,6,Default,may,ACM
PC16,140000,8,0,5,Default,may,ACM
PC16,140000,8,16.5,3,Default,may,ACM
PC16,140000,8,3.7,4,Default,may,ACM
PC16,140000,8,8.3,3,Default,may,ACM
PC16,140000,8,3.6,2,Default,may,ACM
PC16,140000,8,6.2,1,Default,may,ACM
PC16,140000,8,14.5,1,Default,may,ACM
PC16,140000,8,26.9,5,Default,may,ACM
PC14,140000,8,0,5,Default,may,ACM
PC14,140000,8,4.1,19,Default,may,ACM
PC14,140000,8,5.6,5,Default,may,ACM
PC14,140000,8,9.8,11,Default,may,ACM
PC14,140000,8,15.9,6,Default,may,ACM
PC14,140000,8,16.5,3,Default,may,ACM
PC11,140000,8,3.9,1,Default,may,ACM
PC11,140000,8,7.3,6,Default,may,ACM
PC11,140000,8,5.6,2,Default,may,ACM
PC11,140000,8,0,1,Default,may,ACM
PC11,140000,8,10.9,1,Default,may,ACM
PC11,140000,8,8.2,2,Default,may,ACM
PC11,140000,8,14.2,1,Default,may,ACM
PC11,140000,8,14.2,3,Default,may,ACM
PC08,140000,8,11.6,3,Default,may,ACM
PC08,140000,8,18.7,1,Default,may,ACM
PC08,140000,8,10.7,1,Default,may,ACM
PC08,140000,8,10,1,Default,may,ACM
PC08,140000,8,23,5,Default,may,ACM
PC08,140000,8,16.1,2,Default,may,ACM
PC08,140000,8,0,1,Default,may,ACM
PC07,140000,6,10.1,6,Default,may,ACM
PC07,140000,6,14.6,7,Default,may,ACM
PC07,140000,6,7.2,1,Default,may,ACM
PC07,140000,6,30,3,Default,may,ACM
PC03,140000,8,9.9,4,Default,may,ACM
PC16,140000,8,0,3,Default,may,ACM
PC16,140000,8,5.4,1,Default,may,ACM
PC16,140000,8,9.7,5,Default,may,ACM
PC16,140000,8,8,1,Default,may,ACM
PC16,140000,8,9.8,1,Default,may,ACM
PC16,140000,8,10.5,1,Default,may,ACM
PC16,140000,8,13.2,1,Default,may,ACM
PC16,140000,8,9.9,5,Default,may,ACM
PC16,140000,8,19.2,3,Default,may,ACM
PC16,140000,8,11.7,4,Default,may,ACM
PC16,140000,8,10,5,Default,may,ACM
PC16,140000,8,26.7,1,Default,may,ACM
PC16,140000,8,16.6,5,Default,may,ACM
PC14,140000,8,5.9,20,Default,may,ACM
PC14,140000,8,7.2,8,Default,may,ACM
PC14,140000,8,13.1,8,Default,may,ACM
PC14,140000,8,10.9,4,Default,may,ACM
PC14,140000,8,14.6,3,Default,may,ACM
PC14,140000,8,0,6,Default,may,ACM
PC14,140000,8,10.9,34,Default,may,ACM
PC14,140000,8,8.9,6,Default,may,ACM
PC14,140000,8,7,2,Default,may,ACM
PC14,140000,8,16.6,4,Default,may,ACM
PC11,140000,8,5.5,15,Default,may,ACM
PC11,140000,8,12.7,5,Default,may,ACM
PC11,140000,8,8.1,2,Default,may,ACM
PC11,140000,8,0,2,Default,may,ACM
PC11,140000,8,7.7,1,Default,may,ACM
PC11,140000,8,7.6,2,Default,may,ACM
PC11,140000,8,12.1,1,Default,may,ACM
PC11,140000,8,6.7,3,Default,may,ACM
PC08,140000,8,9.5,4,Default,may,ACM
PC08,140000,8,10.4,2,Default,may,ACM
PC08,140000,8,17.3,2,Default,may,ACM
PC08,140000,8,18.5,1,Default,may,ACM
PC08,140000,8,23,1,Default,may,ACM
PC08,140000,8,14.1,1,Default,may,ACM
PC08,140000,8,23.2,3,Default,may,ACM
PC08,140000,8,24.2,12,Default,may,ACM
PC08,140000,8,22,1,Default,may,ACM
PC08,140000,8,12.6,1,Default,may,ACM
PC08,140000,8,6.8,1,Default,may,ACM
PC08,140000,8,11.5,1,Default,may,ACM
PC07,140000,6,10.2,7,Default,may,ACM
PC07,140000,6,11.9,3,Default,may,ACM
PC07,140000,6,9.5,2,Default,may,ACM
PC07,140000,6,25.5,4,Default,may,ACM
PC03,140000,8,13.1,1,Default,may,ACM
PC15,140000,8,3.4,3,Default,may,ACM
PC15,140000,8,23.2,7,Default,may,ACM
PC15,140000,8,18.6,9,Default,may,ACM
PC15,140000,8,45.4,8,Default,may,ACM
PC15,140000,8,35.9,2,Default,may,ACM
PC15,140000,8,29.7,3,Default,may,ACM
PC15,140000,8,44.2,13,Default,may,ACM
PC15,140000,8,33.9,1,Default,may,ACM
PC15,140000,8,21.4,2,Default,may,ACM
PC15,140000,8,13.4,2,Default,may,ACM
PC02,140000,1,5.6,2,Default,may,WEC
PC02,140000,1,25,2,Default,may,WEC
PC02,140000,1,3.3,1,Default,may,WEC
PC02,140000,1,3.4,1,Default,may,WEC
PC02,140000,1,2.1,1,Default,may,WEC
PC01,140000,3,0,5,Default,may,WEC
PC01,140000,3,1,1,Default,may,WEC
PC01,140000,3,14.9,2,Default,may,WEC
PC04,140000,1,6.1,1,Default,may,ACM
PC04,140000,1,8.6,2,Default,may,ACM
PC04,140000,1,9.7,1,Default,may,ACM
PC04,140000,1,8.9,3,Default,may,ACM
PC04,140000,1,17.5,1,Default,may,ACM
PC04,140000,1,30,1,Default,may,ACM
PC05,140000,3,3.5,2,Default,may,ACM
PC05,140000,3,4.9,1,Default,may,ACM
PC05,140000,3,4.9,1,Default,may,ACM
PC05,140000,3,11.9,1,Default,may,ACM
PC05,140000,3,4.5,3,Default,may,ACM
PC05,140000,3,2.7,1,Default,may,ACM
PC05,140000,3,8,2,Default,may,ACM
PC05,140000,3,10.9,1,Default,may,ACM
PC15,140000,8,4.2,4,Default,aug,WEC
PC15,140000,8,22.4,1,Default,aug,WEC
PC15,140000,8,22.5,2,Default,aug,WEC
PC15,140000,8,16.2,1,Default,aug,WEC
PC15,140000,8,20.8,1,Default,aug,WEC
PC15,140000,8,35.4,2,Default,aug,WEC
PC15,140000,8,35.4,1,Default,aug,WEC
PC15,140000,8,35.4,4,Default,aug,WEC
PC15,140000,8,26.8,1,Default,aug,WEC
PC15,140000,8,26.8,1,Default,aug,WEC
PC15,140000,8,26.16,1,Default,aug,WEC
PC15,140000,8,26.16,1,Default,aug,WEC
PC15,140000,8,26.9,2,Default,aug,WEC
PC15,140000,8,26.6,1,Default,aug,WEC
PC15,140000,8,23.1,3,Default,aug,WEC
PC15,140000,8,47.8,3,Default,aug,WEC
PC15,140000,8,41.4,2,Default,aug,WEC
PC15,140000,8,40.4,1,Default,aug,WEC
PC15,140000,8,43,1,Default,aug,WEC
PC15,140000,8,53,2,Default,aug,WEC
PC15,140000,8,52.2,1,Default,aug,WEC
PC15,140000,8,20.5,1,Default,aug,WEC
PC15,140000,8,23.4,2,Default,aug,WEC
PC15,140000,8,4.3,1,Default,aug,WEC
PC13,140000,8,6.4,1,Default,aug,WEC
PC13,140000,8,6.4,1,Default,aug,WEC
PC13,140000,8,2.64,1,Default,aug,WEC
PC13,140000,8,11.5,11,Default,aug,WEC
PC13,140000,8,14,1,Default,aug,WEC
PC13,140000,8,14.1,3,Default,aug,WEC
PC13,140000,8,11,1,Default,aug,WEC
PC13,140000,8,9.9,1,Default,aug,WEC
PC13,140000,8,9.2,2,Default,aug,WEC
PC13,140000,8,8.4,1,Default,aug,WEC
PC13,140000,8,11.8,1,Default,aug,WEC
PC13,140000,8,11.9,2,Default,aug,WEC
PC13,140000,8,23.1,1,Default,aug,WEC
PC13,140000,8,23.1,1,Default,aug,WEC
PC13,140000,8,26.4,1,Default,aug,WEC
PC13,140000,8,25,2,Default,aug,WEC
PC13,140000,8,22.4,2,Default,aug,WEC
PC13,140000,8,24.2,1,Default,aug,WEC
PC13,140000,8,24.2,1,Default,aug,WEC
PC13,140000,8,27.9,1,Default,aug,WEC
PC13,140000,8,24.6,4,Default,aug,WEC
PC13,140000,8,39.6,2,Default,aug,WEC
PC13,140000,8,22.9,2,Default,aug,WEC
PC13,140000,8,9,2,Default,aug,WEC
PC13,140000,8,12.9,1,Default,aug,WEC
PC12,140000,6,12.9,1,Default,aug,WEC
PC12,140000,6,10,1,Default,aug,WEC
PC12,140000,6,10.4,2,Default,aug,WEC
PC12,140000,6,9.8,2,Default,aug,WEC
PC12,140000,6,10.7,3,Default,aug,WEC
PC12,140000,6,12.97,1,Default,aug,WEC
PC12,140000,6,12.92,1,Default,aug,WEC
PC12,140000,6,9.9,2,Default,aug,WEC
PC12,140000,6,10.3,3,Default,aug,WEC
PC12,140000,6,12.6,2,Default,aug,WEC
PC12,140000,6,4.8,1,Default,aug,WEC
PC12,140000,6,6.5,1,Default,aug,WEC
PC12,140000,6,8.4,1,Default,aug,WEC
PC12,140000,6,8,1,Default,aug,WEC
PC12,140000,6,7.5,1,Default,aug,WEC
PC12,140000,6,14.48,3,Default,aug,WEC
PC12,140000,6,8.4,1,Default,aug,WEC
PC12,140000,6,11.28,1,Default,aug,WEC
PC12,140000,6,33.85,3,Default,aug,WEC
PC12,140000,6,32.97,4,Default,aug,WEC
PC12,140000,6,36.18,17,Default,aug,WEC
PC12,140000,6,36.18,1,Default,aug,WEC
PC12,140000,6,35.08,1,Default,aug,WEC
PC12,140000,6,35.16,3,Default,aug,WEC
PC12,140000,6,43.41,1,Default,aug,WEC
PC10,140000,8,6.65,1,Default,aug,WEC
PC10,140000,8,5.15,1,Default,aug,WEC
PC10,140000,8,6.93,3,Default,aug,WEC
PC10,140000,8,12.52,1,Default,aug,WEC
PC10,140000,8,12.23,1,Default,aug,WEC
PC10,140000,8,12.25,1,Default,aug,WEC
PC10,140000,8,10.89,2,Default,aug,WEC
PC10,140000,8,10.95,1,Default,aug,WEC
PC10,140000,8,13.15,1,Default,aug,WEC
PC10,140000,8,15.09,2,Default,aug,WEC
PC10,140000,8,13.78,1,Default,aug,WEC
PC10,140000,8,13.75,2,Default,aug,WEC
PC10,140000,8,13.75,1,Default,aug,WEC
PC10,140000,8,14.1,1,Default,aug,WEC
PC10,140000,8,12.4,2,Default,aug,WEC
PC10,140000,8,13.21,1,Default,aug,WEC
PC10,140000,8,31.2,1,Default,aug,WEC
PC10,140000,8,48.3,1,Default,aug,WEC
PC10,140000,8,48.3,1,Default,aug,WEC
PC10,140000,8,28.87,1,Default,aug,WEC
PC10,140000,8,6.37,1,Default,aug,WEC
PC10,140000,8,5.84,1,Default,aug,WEC
PC10,140000,8,9.7,1,Default,aug,WEC
PC10,140000,8,9.84,1,Default,aug,WEC
PC10,140000,8,5.7,3,Default,aug,WEC
PC10,140000,8,5.33,1,Default,aug,WEC
PC10,140000,8,5.37,1,Default,aug,WEC
PC10,140000,8,4.95,1,Default,aug,WEC
PC10,140000,8,19.44,1,Default,aug,WEC
PC10,140000,8,21.08,1,Default,aug,WEC
PC10,140000,8,19.44,2,Default,aug,WEC
PC10,140000,8,19.94,1,Default,aug,WEC
PC10,140000,8,39.79,2,Default,aug,WEC
PC10,140000,8,66.71,1,Default,aug,WEC
PC10,140000,8,70.72,1,Default,aug,WEC
PC10,140000,8,68.6,4,Default,aug,WEC
PC10,140000,8,70.92,1,Default,aug,WEC
PC09,140000,8,14.33,2,Default,aug,WEC
PC09,140000,8,16.78,2,Default,aug,WEC
PC09,140000,8,35.56,1,Default,aug,WEC
PC09,140000,8,37.78,2,Default,aug,WEC
PC09,140000,8,23.33,1,Default,aug,WEC
PC09,140000,8,22.93,1,Default,aug,WEC
PC09,140000,8,27.3,1,Default,aug,WEC
PC09,140000,8,23.66,1,Default,aug,WEC
PC09,140000,8,19.68,2,Default,aug,WEC
PC09,140000,8,19.94,1,Default,aug,WEC
PC09,140000,8,14.89,1,Default,aug,WEC
PC09,140000,8,23.76,1,Default,aug,WEC
PC09,140000,8,21.65,2,Default,aug,WEC
PC09,140000,8,24.26,2,Default,aug,WEC
PC09,140000,8,33.35,1,Default,aug,WEC
PC09,140000,8,13.73,1,Default,aug,WEC
PC09,140000,8,11.02,1,Default,aug,WEC
PC09,140000,8,17.12,1,Default,aug,WEC
PC09,140000,8,17.45,1,Default,aug,WEC
PC09,140000,8,34.87,1,Default,aug,WEC
PC09,140000,8,38.3,1,Default,aug,WEC
PC06,140000,8,9.23,4,Default,aug,WEC
PC06,140000,8,29.42,1,Default,aug,WEC
PC06,140000,8,30.45,3,Default,aug,WEC
PC06,140000,8,34.79,1,Default,aug,WEC
PC06,140000,8,18.37,1,Default,aug,WEC
PC06,140000,8,38.77,1,Default,aug,WEC
PC06,140000,8,8.35,2,Default,aug,WEC
PC06,140000,8,17.79,1,Default,aug,WEC
PC06,140000,8,18.33,1,Default,aug,WEC
PC06,140000,8,17.82,3,Default,aug,WEC
PC06,140000,8,16.32,1,Default,aug,WEC
PC06,140000,8,18.86,1,Default,aug,WEC
PC06,140000,8,17,1,Default,aug,WEC
PC06,140000,8,15.99,1,Default,aug,WEC
PC06,140000,8,17.52,1,Default,aug,WEC
PC06,140000,8,17.6,8,Default,aug,WEC
PC06,140000,8,8.2,1,Default,aug,WEC
PC06,140000,8,6.37,1,Default,aug,WEC
PC16,140000,8,4.5,1,Default,aug,ACM
PC16,140000,8,6.1,2,Default,aug,ACM
PC16,140000,8,6.3,1,Default,aug,ACM
PC16,140000,8,30.6,2,Default,aug,ACM
PC16,140000,8,20.6,1,Default,aug,ACM
PC16,140000,8,61.2,2,Default,aug,ACM
PC16,140000,8,21.8,1,Default,aug,ACM
PC16,140000,8,7.2,3,Default,aug,ACM
PC16,140000,8,11.6,2,Default,aug,ACM
PC16,140000,8,9.3,4,Default,aug,ACM
PC16,140000,8,6.4,2,Default,aug,ACM
PC16,140000,8,4.7,3,Default,aug,ACM
PC16,140000,8,12.7,5,Default,aug,ACM
PC16,140000,8,7.7,3,Default,aug,ACM
PC16,140000,8,13.8,4,Default,aug,ACM
PC14,140000,8,2.5,2,Default,aug,ACM
PC14,140000,8,8.5,2,Default,aug,ACM
PC14,140000,8,12,3,Default,aug,ACM
PC14,140000,8,9,3,Default,aug,ACM
PC14,140000,8,9.1,2,Default,aug,ACM
PC14,140000,8,8.7,2,Default,aug,ACM
PC14,140000,8,10.7,5,Default,aug,ACM
PC14,140000,8,3.4,5,Default,aug,ACM
PC14,140000,8,8.3,4,Default,aug,ACM
PC14,140000,8,13.1,6,Default,aug,ACM
PC14,140000,8,4.1,3,Default,aug,ACM
PC14,140000,8,6.7,1,Default,aug,ACM
PC11,140000,8,2.1,1,Default,aug,ACM
PC11,140000,8,7.1,6,Default,aug,ACM
PC11,140000,8,6.5,6,Default,aug,ACM
PC11,140000,8,15.8,2,Default,aug,ACM
PC08,140000,8,11.9,7,Default,aug,ACM
PC08,140000,8,8.1,1,Default,aug,ACM
PC08,140000,8,12.9,2,Default,aug,ACM
PC08,140000,8,12.7,1,Default,aug,ACM
PC08,140000,8,22.8,7,Default,aug,ACM
PC07,140000,6,10.6,4,Default,aug,ACM
PC07,140000,6,9.1,5,Default,aug,ACM
PC07,140000,6,9.8,1,Default,aug,ACM
PC03,140000,8,3.4,1,Default,aug,ACM
PC03,140000,8,32.3,3,Default,aug,ACM
PC03,140000,8,25,1,Default,aug,ACM
PC03,140000,8,13.3,1,Default,aug,ACM
PC06,140000,8,5.78,2,Default,aug,WEC
PC06,140000,8,8.32,1,Default,aug,WEC
PC06,140000,8,5.54,1,Default,aug,WEC
PC06,140000,8,16.25,6,Default,aug,WEC
PC06,140000,8,16.5,2,Default,aug,WEC
PC06,140000,8,18.29,2,Default,aug,WEC
PC06,140000,8,15.66,1,Default,aug,WEC
PC06,140000,8,18.45,4,Default,aug,WEC
PC06,140000,8,17.87,3,Default,aug,WEC
PC06,140000,8,7.82,1,Default,aug,WEC
PC06,140000,8,6.67,1,Default,aug,WEC
PC06,140000,8,7.37,1,Default,aug,WEC
PC06,140000,8,17.94,1,Default,aug,WEC
PC06,140000,8,14.65,1,Default,aug,WEC
PC09,140000,8,16.59,1,Default,aug,WEC
PC09,140000,8,12.99,2,Default,aug,WEC
PC09,140000,8,12.9,1,Default,aug,WEC
PC09,140000,8,13.25,2,Default,aug,WEC
PC09,140000,8,11.15,1,Default,aug,WEC
PC09,140000,8,28.92,1,Default,aug,WEC
PC09,140000,8,24.02,1,Default,aug,WEC
PC09,140000,8,21.84,1,Default,aug,WEC
PC09,140000,8,24.51,1,Default,aug,WEC
PC09,140000,8,21.78,1,Default,aug,WEC
PC09,140000,8,23.07,1,Default,aug,WEC
PC09,140000,8,15.95,1,Default,aug,WEC
PC09,140000,8,18.32,3,Default,aug,WEC
PC09,140000,8,26.17,1,Default,aug,WEC
PC09,140000,8,22.6,1,Default,aug,WEC
PC09,140000,8,18.18,1,Default,aug,WEC
PC09,140000,8,21.29,2,Default,aug,WEC
PC09,140000,8,21.88,1,Default,aug,WEC
PC09,140000,8,33.61,1,Default,aug,WEC
PC09,140000,8,37.1,1,Default,aug,WEC
PC09,140000,8,33.48,2,Default,aug,WEC
PC09,140000,8,58.43,1,Default,aug,WEC
PC09,140000,8,58.43,1,Default,aug,WEC
PC10,140000,8,5.14,1,Default,aug,WEC
PC10,140000,8,4.8,1,Default,aug,WEC
PC10,140000,8,5.88,1,Default,aug,WEC
PC10,140000,8,6.14,1,Default,aug,WEC
PC10,140000,8,5.17,1,Default,aug,WEC
PC10,140000,8,5.99,2,Default,aug,WEC
PC10,140000,8,6.81,1,Default,aug,WEC
PC10,140000,8,8.72,1,Default,aug,WEC
PC10,140000,8,11.4,1,Default,aug,WEC
PC10,140000,8,11.8,1,Default,aug,WEC
PC10,140000,8,11.52,1,Default,aug,WEC
PC10,140000,8,11.7,1,Default,aug,WEC
PC10,140000,8,10.83,1,Default,aug,WEC
PC10,140000,8,11.73,2,Default,aug,WEC
PC10,140000,8,12.73,1,Default,aug,WEC
PC10,140000,8,11.26,1,Default,aug,WEC
PC10,140000,8,9.97,2,Default,aug,WEC
PC10,140000,8,11.54,2,Default,aug,WEC
PC10,140000,8,12.03,1,Default,aug,WEC
PC10,140000,8,19.41,1,Default,aug,WEC
PC10,140000,8,25.17,1,Default,aug,WEC
PC10,140000,8,23.65,2,Default,aug,WEC
PC10,140000,8,33.79,2,Default,aug,WEC
PC10,140000,8,34.33,2,Default,aug,WEC
PC10,140000,8,10.79,1,Default,aug,WEC
PC10,140000,8,7.48,1,Default,aug,WEC
PC10,140000,8,10.95,1,Default,aug,WEC
PC10,140000,8,6.72,1,Default,aug,WEC
PC10,140000,8,14.76,1,Default,aug,WEC
PC10,140000,8,7.72,1,Default,aug,WEC
PC10,140000,8,8.75,1,Default,aug,WEC
PC10,140000,8,9.73,1,Default,aug,WEC
PC10,140000,8,7.39,2,Default,aug,WEC
PC10,140000,8,24.86,2,Default,aug,WEC
PC10,140000,8,23.73,1,Default,aug,WEC
PC10,140000,8,26.86,1,Default,aug,WEC
PC13,140000,8,14.47,1,Default,aug,WEC
PC13,140000,8,8.7,1,Default,aug,WEC
PC13,140000,8,4.48,1,Default,aug,WEC
PC13,140000,8,3.94,1,Default,aug,WEC
PC13,140000,8,21.75,1,Default,aug,WEC
PC13,140000,8,16.88,1,Default,aug,WEC
PC13,140000,8,14.8,1,Default,aug,WEC
PC13,140000,8,13.61,2,Default,aug,WEC
PC13,140000,8,8.73,1,Default,aug,WEC
PC13,140000,8,12.9,5,Default,aug,WEC
PC13,140000,8,10.57,1,Default,aug,WEC
PC13,140000,8,16.87,1,Default,aug,WEC
PC13,140000,8,14.38,1,Default,aug,WEC
PC13,140000,8,10,2,Default,aug,WEC
PC13,140000,8,10.47,1,Default,aug,WEC
PC13,140000,8,11.27,1,Default,aug,WEC
PC13,140000,8,13.78,1,Default,aug,WEC
PC13,140000,8,8.33,1,Default,aug,WEC
PC13,140000,8,6.54,2,Default,aug,WEC
PC13,140000,8,21.39,1,Default,aug,WEC
PC13,140000,8,21.81,1,Default,aug,WEC
PC13,140000,8,25.16,1,Default,aug,WEC
PC13,140000,8,25.95,1,Default,aug,WEC
PC13,140000,8,26.64,1,Default,aug,WEC
PC13,140000,8,26.64,1,Default,aug,WEC
PC12,140000,6,10.44,5,Default,aug,WEC
PC12,140000,6,12.49,1,Default,aug,WEC
PC12,140000,6,13.34,1,Default,aug,WEC
PC12,140000,6,12.01,1,Default,aug,WEC
PC12,140000,6,8.18,1,Default,aug,WEC
PC12,140000,6,15.93,1,Default,aug,WEC
PC12,140000,6,6.97,1,Default,aug,WEC
PC12,140000,6,5.95,1,Default,aug,WEC
PC12,140000,6,32.7,1,Default,aug,WEC
PC12,140000,6,33.95,10,Default,aug,WEC
PC12,140000,6,32.21,6,Default,aug,WEC
PC12,140000,6,30.2,5,Default,aug,WEC
PC12,140000,6,19.06,1,Default,aug,WEC
PC12,140000,6,12.66,1,Default,aug,WEC
PC12,140000,6,4.92,1,Default,aug,WEC
PC12,140000,6,9.93,2,Default,aug,WEC
PC12,140000,6,11.66,1,Default,aug,WEC
PC12,140000,6,11.94,1,Default,aug,WEC
PC12,140000,6,9.87,1,Default,aug,WEC
PC12,140000,6,12.88,2,Default,aug,WEC
PC12,140000,6,12.42,1,Default,aug,WEC
PC15,140000,8,2.71,1,Default,aug,WEC
PC15,140000,8,2.77,1,Default,aug,WEC
PC15,140000,8,2.58,1,Default,aug,WEC
PC15,140000,8,32.51,3,Default,aug,WEC
PC15,140000,8,31.26,1,Default,aug,WEC
PC15,140000,8,50.22,1,Default,aug,WEC
PC15,140000,8,48.96,1,Default,aug,WEC
PC15,140000,8,47.25,2,Default,aug,WEC
PC15,140000,8,46.96,2,Default,aug,WEC
PC15,140000,8,39.88,1,Default,aug,WEC
PC15,140000,8,38.87,1,Default,aug,WEC
PC15,140000,8,40.16,4,Default,aug,WEC
PC15,140000,8,42.3,3,Default,aug,WEC
PC15,140000,8,13.78,2,Default,aug,WEC
PC15,140000,8,12.73,1,Default,aug,WEC
PC15,140000,8,14.07,2,Default,aug,WEC
PC15,140000,8,12.89,2,Default,aug,WEC
PC15,140000,8,13.04,2,Default,aug,WEC
PC15,140000,8,11.92,1,Default,aug,WEC
PC15,140000,8,34,2,Default,aug,WEC
PC15,140000,8,37.13,1,Default,aug,WEC
PC15,140000,8,40.24,1,Default,aug,WEC
PC15,140000,8,27.94,1,Default,aug,WEC
PC15,140000,8,29.86,1,Default,aug,WEC
PC15,140000,8,41.81,2,Default,aug,WEC
PC15,140000,8,41.81,1,Default,aug,WEC
PC03,140000,8,7,2,Default,aug,ACM
PC03,140000,8,32.2,3,Default,aug,ACM
PC03,140000,8,23.2,3,Default,aug,ACM
PC03,140000,8,14,1,Default,aug,ACM
PC07,140000,6,12.6,1,Default,aug,ACM
PC07,140000,6,9,2,Default,aug,ACM
PC07,140000,6,11.3,8,Default,aug,ACM
PC07,140000,6,22.8,1,Default,aug,ACM
PC08,140000,8,8.6,5,Default,aug,ACM
PC08,140000,8,11.6,4,Default,aug,ACM
PC08,140000,8,22.2,13,Default,aug,ACM
PC08,140000,8,13,4,Default,aug,ACM
PC08,140000,8,23.8,1,Default,aug,ACM
PC11,140000,8,4,1,Default,aug,ACM
PC11,140000,8,6.8,7,Default,aug,ACM
PC11,140000,8,16.1,5,Default,aug,ACM
PC11,140000,8,4,4,Default,aug,ACM
PC11,140000,8,11.1,6,Default,aug,ACM
PC11,140000,8,7.7,3,Default,aug,ACM
PC14,140000,8,2.4,2,Default,aug,ACM
PC14,140000,8,6.5,8,Default,aug,ACM
PC14,140000,8,7.2,5,Default,aug,ACM
PC14,140000,8,9.3,5,Default,aug,ACM
PC14,140000,8,15.8,3,Default,aug,ACM
PC14,140000,8,5.1,5,Default,aug,ACM
PC14,140000,8,9.5,1,Default,aug,ACM
PC14,140000,8,10.6,1,Default,aug,ACM
PC14,140000,8,17.2,5,Default,aug,ACM
PC14,140000,8,14.1,2,Default,aug,ACM
PC16,140000,8,3.8,5,Default,aug,ACM
PC16,140000,8,10.1,1,Default,aug,ACM
PC16,140000,8,8.7,1,Default,aug,ACM
PC16,140000,8,32.4,5,Default,aug,ACM
PC16,140000,8,12.5,2,Default,aug,ACM
PC16,140000,8,10.1,3,Default,aug,ACM
PC16,140000,8,8.8,2,Default,aug,ACM
PC16,140000,8,9.8,7,Default,aug,ACM
PC16,140000,8,15.4,7,Default,aug,ACM
PC16,140000,8,33.7,1,Default,aug,ACM
PC16,140000,8,26.9,1,Default,aug,ACM
PC16,140000,8,23.9,8,Default,aug,ACM
PC03,140000,8,16.02,2,Default,aug,WEC
PC03,140000,8,12.74,1,Default,aug,WEC
PC03,140000,8,15.51,1,Default,aug,WEC
PC03,140000,8,58.57,1,Default,aug,WEC
PC03,140000,8,30.88,2,Default,aug,WEC
PC07,140000,6,8.88,1,Default,aug,WEC
PC07,140000,6,11.8,1,Default,aug,WEC
PC07,140000,6,11.35,1,Default,aug,WEC
PC07,140000,6,12.63,1,Default,aug,WEC
PC07,140000,6,11.71,1,Default,aug,WEC
PC07,140000,6,11.22,1,Default,aug,WEC
PC07,140000,6,10.45,1,Default,aug,WEC
PC07,140000,6,41.86,1,Default,aug,WEC
PC07,140000,6,60.57,1,Default,aug,WEC
PC07,140000,6,50.17,1,Default,aug,WEC
PC07,140000,6,50.17,1,Default,aug,WEC
PC07,140000,6,3.71,1,Default,aug,WEC
PC08,140000,8,5.48,1,Default,aug,WEC
PC08,140000,8,23.42,1,Default,aug,WEC
PC08,140000,8,21.5,1,Default,aug,WEC
PC08,140000,8,22.79,1,Default,aug,WEC
PC08,140000,8,24.09,1,Default,aug,WEC
PC08,140000,8,22.46,1,Default,aug,WEC
PC08,140000,8,22.89,1,Default,aug,WEC
PC08,140000,8,23.38,1,Default,aug,WEC
PC08,140000,8,20.31,1,Default,aug,WEC
PC08,140000,8,12.87,2,Default,aug,WEC
PC08,140000,8,13.4,2,Default,aug,WEC
PC08,140000,8,15.41,1,Default,aug,WEC
PC08,140000,8,11.05,1,Default,aug,WEC
PC08,140000,8,10.19,1,Default,aug,WEC
PC08,140000,8,12.9,1,Default,aug,WEC
PC11,140000,8,5.33,1,Default,aug,WEC
PC11,140000,8,5.75,1,Default,aug,WEC
PC11,140000,8,5.75,1,Default,aug,WEC
PC11,140000,8,9.78,1,Default,aug,WEC
PC11,140000,8,5.97,1,Default,aug,WEC
PC11,140000,8,1.67,1,Default,aug,WEC
PC11,140000,8,5.36,1,Default,aug,WEC
PC11,140000,8,5.26,1,Default,aug,WEC
PC11,140000,8,4.37,2,Default,aug,WEC
PC11,140000,8,4.37,2,Default,aug,WEC
PC11,140000,8,3.18,1,Default,aug,WEC
PC11,140000,8,5.47,1,Default,aug,WEC
PC11,140000,8,3.73,1,Default,aug,WEC
PC11,140000,8,5,1,Default,aug,WEC
PC11,140000,8,18.92,2,Default,aug,WEC
PC11,140000,8,15.71,1,Default,aug,WEC
PC11,140000,8,13.93,1,Default,aug,WEC
PC11,140000,8,15.75,1,Default,aug,WEC
PC11,140000,8,11.11,2,Default,aug,WEC
PC11,140000,8,21.16,1,Default,aug,WEC
PC14,140000,8,7.3,1,Default,aug,WEC
PC14,140000,8,5.76,1,Default,aug,WEC
PC14,140000,8,7.62,1,Default,aug,WEC
PC14,140000,8,6.56,1,Default,aug,WEC
PC14,140000,8,5.8,1,Default,aug,WEC
PC14,140000,8,10.6,1,Default,aug,WEC
PC14,140000,8,8.43,1,Default,aug,WEC
PC14,140000,8,5.67,2,Default,aug,WEC
PC14,140000,8,5.6,1,Default,aug,WEC
PC14,140000,8,8.09,2,Default,aug,WEC
PC14,140000,8,5.2,1,Default,aug,WEC
PC14,140000,8,6.36,1,Default,aug,WEC
PC14,140000,8,5.78,1,Default,aug,WEC
PC14,140000,8,8.93,2,Default,aug,WEC
PC14,140000,8,7.3,1,Default,aug,WEC
PC14,140000,8,13.06,1,Default,aug,WEC
PC14,140000,8,14.18,1,Default,aug,WEC
PC14,140000,8,10.6,1,Default,aug,WEC
PC14,140000,8,9.23,1,Default,aug,WEC
PC14,140000,8,11.17,1,Default,aug,WEC
PC14,140000,8,11.53,1,Default,aug,WEC
PC14,140000,8,10.01,1,Default,aug,WEC
PC14,140000,8,12.51,1,Default,aug,WEC
PC14,140000,8,15.1,2,Default,aug,WEC
PC14,140000,8,1.97,1,Default,aug,WEC
PC14,140000,8,1.92,1,Default,aug,WEC
PC14,140000,8,2.75,1,Default,aug,WEC
PC14,140000,8,3.7,1,Default,aug,WEC
PC14,140000,8,4.81,1,Default,aug,WEC
PC14,140000,8,14.54,1,Default,aug,WEC
PC14,140000,8,14.55,1,Default,aug,WEC
PC14,140000,8,3.22,1,Default,aug,WEC
PC14,140000,8,4.26,1,Default,aug,WEC
PC14,140000,8,3.06,1,Default,aug,WEC
PC14,140000,8,9.77,1,Default,aug,WEC
PC14,140000,8,8.72,1,Default,aug,WEC
PC14,140000,8,8.88,2,Default,aug,WEC
PC14,140000,8,9.48,1,Default,aug,WEC
PC14,140000,8,5.38,2,Default,aug,WEC
PC14,140000,8,15.49,1,Default,aug,WEC
PC14,140000,8,15.09,1,Default,aug,WEC
PC14,140000,8,14.88,1,Default,aug,WEC
PC14,140000,8,14.75,1,Default,aug,WEC
PC14,140000,8,17.32,2,Default,aug,WEC
PC14,140000,8,17.54,1,Default,aug,WEC
PC14,140000,8,16.66,1,Default,aug,WEC
PC16,140000,8,2.82,1,Default,aug,WEC
PC16,140000,8,2.64,1,Default,aug,WEC
PC16,140000,8,5.71,1,Default,aug,WEC
PC16,140000,8,8.46,1,Default,aug,WEC
PC16,140000,8,8.8,1,Default,aug,WEC
PC16,140000,8,9.9,1,Default,aug,WEC
PC16,140000,8,7.35,1,Default,aug,WEC
PC16,140000,8,8.26,1,Default,aug,WEC
PC16,140000,8,14.88,1,Default,aug,WEC
PC16,140000,8,7.73,1,Default,aug,WEC
PC16,140000,8,9.25,1,Default,aug,WEC
PC16,140000,8,10.32,1,Default,aug,WEC
PC16,140000,8,10.81,1,Default,aug,WEC
PC16,140000,8,13.4,2,Default,aug,WEC
PC16,140000,8,21.15,1,Default,aug,WEC
PC16,140000,8,20.67,1,Default,aug,WEC
PC16,140000,8,22.61,1,Default,aug,WEC
PC16,140000,8,30.43,1,Default,aug,WEC
PC16,140000,8,30.43,1,Default,aug,WEC
PC16,140000,8,64.65,1,Default,aug,WEC
PC16,140000,8,4.44,1,Default,aug,WEC
PC16,140000,8,4.89,1,Default,aug,WEC
PC16,140000,8,14.2,1,Default,aug,WEC
PC06,140000,8,4.1,7,Default,aug,ACM
PC06,140000,8,7.6,2,Default,aug,ACM
PC06,140000,8,14.4,4,Default,aug,ACM
PC06,140000,8,23.7,30,Default,aug,ACM
PC06,140000,8,45.9,4,Default,aug,ACM
PC06,140000,8,25.4,1,Default,aug,ACM
PC06,140000,8,50.7,4,Default,aug,ACM
PC06,140000,8,32.5,5,Default,aug,ACM
PC09,140000,8,11,2,Default,aug,ACM
PC09,140000,8,8.7,2,Default,aug,ACM
PC09,140000,8,15.9,2,Default,aug,ACM
PC09,140000,8,20.3,2,Default,aug,ACM
PC09,140000,8,23.8,1,Default,aug,ACM
PC09,140000,8,23.8,2,Default,aug,ACM
PC09,140000,8,21.9,1,Default,aug,ACM
PC09,140000,8,13.8,8,Default,aug,ACM
PC10,140000,8,11.6,6,Default,aug,ACM
PC10,140000,8,9,7,Default,aug,ACM
PC10,140000,8,4.1,8,Default,aug,ACM
PC10,140000,8,2.8,3,Default,aug,ACM
PC10,140000,8,9,3,Default,aug,ACM
PC10,140000,8,35.9,6,Default,aug,ACM
PC10,140000,8,64.3,15,Default,aug,ACM
PC10,140000,8,16.3,9,Default,aug,ACM
PC10,140000,8,7.7,1,Default,aug,ACM
PC10,140000,8,7.2,7,Default,aug,ACM
PC10,140000,8,12.1,11,Default,aug,ACM
PC10,140000,8,5.8,5,Default,aug,ACM
PC10,140000,8,11.3,1,Default,aug,ACM
PC10,140000,8,15.2,6,Default,aug,ACM
PC10,140000,8,20.3,2,Default,aug,ACM
PC15,140000,8,0,5,Default,aug,ACM
PC15,140000,8,27.1,3,Default,aug,ACM
PC15,140000,8,15.8,1,Default,aug,ACM
PC15,140000,8,31.7,2,Default,aug,ACM
PC15,140000,8,25.1,2,Default,aug,ACM
PC15,140000,8,18.6,13,Default,aug,ACM
PC15,140000,8,19.7,5,Default,aug,ACM
PC15,140000,8,19,2,Default,aug,ACM
PC15,140000,8,28.1,11,Default,aug,ACM
PC15,140000,8,35.7,2,Default,aug,ACM
PC15,140000,8,28.8,1,Default,aug,ACM
PC13,140000,8,4.8,4,Default,aug,ACM
PC13,140000,8,13.8,11,Default,aug,ACM
PC13,140000,8,21.2,1,Default,aug,ACM
PC13,140000,8,25.2,6,Default,aug,ACM
PC13,140000,8,37.8,4,Default,aug,ACM
PC13,140000,8,41.7,1,Default,aug,ACM
PC13,140000,8,8,2,Default,aug,ACM
PC13,140000,8,13.8,2,Default,aug,ACM
PC13,140000,8,12.5,12,Default,aug,ACM
PC13,140000,8,9.5,3,Default,aug,ACM
PC13,140000,8,10.8,1,Default,aug,ACM
PC12,140000,6,6.9,12,Default,aug,ACM
PC12,140000,6,7.6,10,Default,aug,ACM
PC12,140000,6,8.3,1,Default,aug,ACM
PC12,140000,6,16.6,5,Default,aug,ACM
PC12,140000,6,7.3,1,Default,aug,ACM
PC12,140000,6,21.3,3,Default,aug,ACM
PC12,140000,6,19.3,2,Default,aug,ACM
PC12,140000,6,30.8,2,Default,aug,ACM
PC12,140000,6,47.3,5,Default,aug,ACM
PC12,140000,6,33.8,2,Default,aug,ACM
PC12,140000,6,32.4,4,Default,aug,ACM
PC12,140000,6,4.3,3,Default,aug,ACM
PC01,140000,3,2,1,Default,nov,TAC
PC01,140000,3,2.7,1,Default,nov,TAC
PC01,140000,3,2.2,1,Default,nov,TAC
PC01,140000,3,17.13,1,Default,nov,TAC
PC01,140000,3,14.8,1,Default,nov,TAC
PC03,140000,8,17.2,1,Default,nov,TAC
PC03,140000,8,18.8,1,Default,nov,TAC
PC03,140000,8,15.9,1,Default,nov,TAC
PC03,140000,8,12.2,1,Default,nov,TAC
PC03,140000,8,21,1,Default,nov,TAC
PC03,140000,8,10,1,Default,nov,TAC
PC05,140000,3,3.5,1,Default,nov,WEC
PC05,140000,3,2.3,1,Default,nov,WEC
PC05,140000,3,3.4,1,Default,nov,WEC
PC05,140000,3,5.4,1,Default,nov,WEC
PC05,140000,3,8.2,1,Default,nov,WEC
PC06,140000,8,11.6,18,Default,nov,WEC
PC06,140000,8,14.6,5,Default,nov,WEC
PC06,140000,8,9,14,Default,nov,WEC
PC06,140000,8,9.9,5,Default,nov,WEC
PC06,140000,8,15.5,1,Default,nov,WEC
PC06,140000,8,3.4,1,Default,nov,WEC
PC06,140000,8,8.3,1,Default,nov,WEC
PC06,140000,8,3.8,2,Default,nov,WEC
PC06,140000,8,10,1,Default,nov,WEC
PC08,140000,8,6.7,1,Default,nov,TAC
PC08,140000,8,6.1,1,Default,nov,TAC
PC08,140000,8,7.2,1,Default,nov,TAC
PC08,140000,8,6.8,1,Default,nov,TAC
PC08,140000,8,23.2,4,Default,nov,TAC
PC08,140000,8,14.8,2,Default,nov,TAC
PC09,140000,8,13.7,2,Default,nov,WEC
PC09,140000,8,14.6,1,Default,nov,WEC
PC09,140000,8,13.1,1,Default,nov,WEC
PC09,140000,8,17.1,2,Default,nov,WEC
PC09,140000,8,20.18,2,Default,nov,WEC
PC09,140000,8,22.3,1,Default,nov,WEC
PC09,140000,8,22.6,1,Default,nov,WEC
PC09,140000,8,23.8,2,Default,nov,WEC
PC09,140000,8,34.4,3,Default,nov,WEC
PC09,140000,8,24.4,3,Default,nov,WEC
PC09,140000,8,18.1,1,Default,nov,WEC
PC09,140000,8,22.9,1,Default,nov,WEC
PC10,140000,8,4.9,6,Default,nov,WEC
PC10,140000,8,18.28,3,Default,nov,WEC
PC10,140000,8,7.7,2,Default,nov,WEC
PC10,140000,8,5.9,3,Default,nov,WEC
PC10,140000,8,7.8,3,Default,nov,WEC
PC10,140000,8,14.4,1,Default,nov,WEC
PC10,140000,8,10.3,1,Default,nov,WEC
PC10,140000,8,8.1,2,Default,nov,WEC
PC10,140000,8,10.9,2,Default,nov,WEC
PC10,140000,8,12.9,3,Default,nov,WEC
PC10,140000,8,12.8,6,Default,nov,WEC
PC10,140000,8,11.4,2,Default,nov,WEC
PC11,140000,8,5.8,3,Default,nov,TAC
PC11,140000,8,4.3,1,Default,nov,TAC
PC11,140000,8,5.4,4,Default,nov,TAC
PC11,140000,8,7,2,Default,nov,TAC
PC11,140000,8,17,2,Default,nov,TAC
PC11,140000,8,6.3,2,Default,nov,TAC
PC11,140000,8,12.8,1,Default,nov,TAC
PC11,140000,8,7.9,3,Default,nov,TAC
PC13,140000,8,10,3,Default,nov,ACM
PC13,140000,8,14,1,Default,nov,ACM
PC13,140000,8,18,5,Default,nov,ACM
PC13,140000,8,8,2,Default,nov,ACM
PC13,140000,8,11,3,Default,nov,ACM
PC13,140000,8,13,2,Default,nov,ACM
PC13,140000,8,10,2,Default,nov,ACM
PC13,140000,8,11,3,Default,nov,ACM
PC13,140000,8,19,9,Default,nov,ACM
PC13,140000,8,13,3,Default,nov,ACM
PC14,140000,8,10,5,Default,nov,ACM
PC14,140000,8,11,2,Default,nov,ACM
PC14,140000,8,6,1,Default,nov,ACM
PC14,140000,8,0,4,Default,nov,ACM
PC14,140000,8,7,6,Default,nov,ACM
PC14,140000,8,8,1,Default,nov,ACM
PC14,140000,8,3,3,Default,nov,ACM
PC14,140000,8,12,8,Default,nov,ACM
PC14,140000,8,17,5,Default,nov,ACM
PC14,140000,8,14,2,Default,nov,ACM
PC14,140000,8,10,6,Default,nov,ACM
PC14,140000,8,9,5,Default,nov,ACM
PC15,140000,8,0,5,Default,nov,ACM
PC15,140000,8,7,4,Default,nov,ACM
PC15,140000,8,20,3,Default,nov,ACM
PC15,140000,8,19,8,Default,nov,ACM
PC15,140000,8,20,2,Default,nov,ACM
PC16,140000,8,8,3,Default,nov,ACM
PC16,140000,8,15,12,Default,nov,ACM
PC16,140000,8,14,17,Default,nov,ACM
PC16,140000,8,20,6,Default,nov,ACM
PC16,140000,8,8,1,Default,nov,ACM
PC16,140000,8,0,5,Default,nov,ACM
PC16,140000,8,8,2,Default,nov,ACM
PC16,140000,8,15,1,Default,nov,ACM
PC16,140000,8,10,1,Default,nov,ACM
PC16,140000,8,8,5,Default,nov,ACM
PC16,140000,8,7,4,Default,nov,ACM
PC16,140000,8,9,2,Default,nov,ACM
PC16,140000,8,8,4,Default,nov,ACM
PC16,140000,8,13,5,Default,nov,ACM
PC01,140000,3,1,1,Default,nov,WEC
PC01,140000,3,1.5,1,Default,nov,WEC
PC01,140000,3,3.1,1,Default,nov,WEC
PC01,140000,3,2,1,Default,nov,WEC
PC01,140000,3,0,1,Default,nov,WEC
PC01,140000,3,0,1,Default,nov,WEC
PC01,140000,3,0.5,1,Default,nov,WEC
PC01,140000,3,2.8,1,Default,nov,WEC
PC01,140000,3,3.1,1,Default,nov,WEC
PC03,140000,8,21.4,1,Default,nov,WEC
PC03,140000,8,22.5,1,Default,nov,WEC
PC03,140000,8,15.4,1,Default,nov,WEC
PC03,140000,8,16.8,1,Default,nov,WEC
PC03,140000,8,25,3,Default,nov,WEC
PC03,140000,8,29,1,Default,nov,WEC
PC03,140000,8,6.9,1,Default,nov,WEC
PC05,140000,3,8.7,1,Default,nov,ACM
PC05,140000,3,4.7,1,Default,nov,ACM
PC05,140000,3,2.1,1,Default,nov,ACM
PC05,140000,3,10.5,1,Default,nov,ACM
PC05,140000,3,14.6,2,Default,nov,ACM
PC05,140000,3,17,1,Default,nov,ACM
PC05,140000,3,15.6,1,Default,nov,ACM
PC05,140000,3,10.1,5,Default,nov,ACM
PC06,140000,8,0,3,Default,nov,ACM
PC06,140000,8,11.1,3,Default,nov,ACM
PC06,140000,8,7.8,1,Default,nov,ACM
PC06,140000,8,8.5,7,Default,nov,ACM
PC06,140000,8,11.7,5,Default,nov,ACM
PC08,140000,8,7.8,1,Default,nov,WEC
PC08,140000,8,8.4,1,Default,nov,WEC
PC08,140000,8,5.8,2,Default,nov,WEC
PC08,140000,8,8.8,1,Default,nov,WEC
PC08,140000,8,14.7,1,Default,nov,WEC
PC08,140000,8,14.3,1,Default,nov,WEC
PC08,140000,8,22.5,1,Default,nov,WEC
PC08,140000,8,18,1,Default,nov,WEC
PC08,140000,8,22.1,1,Default,nov,WEC
PC08,140000,8,9.9,1,Default,nov,WEC
PC08,140000,8,2.8,1,Default,nov,WEC
PC08,140000,8,24.7,1,Default,nov,WEC
PC08,140000,8,23.7,4,Default,nov,WEC
PC09,140000,8,11.6,2,Default,nov,ACM
PC09,140000,8,11.5,2,Default,nov,ACM
PC09,140000,8,18.1,1,Default,nov,ACM
PC09,140000,8,14.8,2,Default,nov,ACM
PC09,140000,8,9.4,3,Default,nov,ACM
PC09,140000,8,6.7,1,Default,nov,ACM
PC09,140000,8,19.5,3,Default,nov,ACM
PC10,140000,8,2.4,4,Default,nov,ACM
PC10,140000,8,6.5,5,Default,nov,ACM
PC10,140000,8,9.9,3,Default,nov,ACM
PC10,140000,8,17.4,6,Default,nov,ACM
PC10,140000,8,4.9,5,Default,nov,ACM
PC10,140000,8,15.7,3,Default,nov,ACM
PC10,140000,8,7.6,8,Default,nov,ACM
PC10,140000,8,10.4,2,Default,nov,ACM
PC10,140000,8,9.9,1,Default,nov,ACM
PC10,140000,8,6.8,4,Default,nov,ACM
PC10,140000,8,11.7,6,Default,nov,ACM
PC10,140000,8,5.2,6,Default,nov,ACM
PC10,140000,8,0,4,Default,nov,ACM
PC11,140000,8,5.4,1,Default,nov,WEC
PC11,140000,8,4.4,1,Default,nov,WEC
PC11,140000,8,6.6,1,Default,nov,WEC
PC11,140000,8,5.1,2,Default,nov,WEC
PC11,140000,8,5.3,1,Default,nov,WEC
PC11,140000,8,4.8,1,Default,nov,WEC
PC11,140000,8,10.7,1,Default,nov,WEC
PC11,140000,8,7.7,1,Default,nov,WEC
PC11,140000,8,9.4,1,Default,nov,WEC
PC11,140000,8,20,1,Default,nov,WEC
PC11,140000,8,21.7,1,Default,nov,WEC
PC11,140000,8,6.4,1,Default,nov,WEC
PC11,140000,8,10.9,1,Default,nov,WEC
PC11,140000,8,6.4,1,Default,nov,WEC
PC11,140000,8,7,1,Default,nov,WEC
PC11,140000,8,6.6,2,Default,nov,WEC
PC11,140000,8,6.1,1,Default,nov,WEC
PC11,140000,8,7.9,1,Default,nov,WEC
PC11,140000,8,9.3,1,Default,nov,WEC
PC11,140000,8,5,1,Default,nov,WEC
PC13,140000,8,9.6,2,Default,nov,TAC
PC13,140000,8,15.2,3,Default,nov,TAC
PC13,140000,8,13,1,Default,nov,TAC
PC13,140000,8,13.1,1,Default,nov,TAC
PC13,140000,8,9.4,3,Default,nov,TAC
PC13,140000,8,11.7,2,Default,nov,TAC
PC13,140000,8,16,1,Default,nov,TAC
PC13,140000,8,10,1,Default,nov,TAC
PC13,140000,8,8.2,4,Default,nov,TAC
PC13,140000,8,10.7,1,Default,nov,TAC
PC13,140000,8,15,4,Default,nov,TAC
PC13,140000,8,14,1,Default,nov,TAC
PC13,140000,8,16.2,3,Default,nov,TAC
PC13,140000,8,13,1,Default,nov,TAC
PC14,140000,8,1,1,Default,nov,TAC
PC14,140000,8,2.1,2,Default,nov,TAC
PC14,140000,8,4.5,3,Default,nov,TAC
PC14,140000,8,4.8,3,Default,nov,TAC
PC14,140000,8,8,4,Default,nov,TAC
PC14,140000,8,8.5,1,Default,nov,TAC
PC14,140000,8,11,4,Default,nov,TAC
PC14,140000,8,5.5,2,Default,nov,TAC
PC14,140000,8,2.8,1,Default,nov,TAC
PC14,140000,8,11,4,Default,nov,TAC
PC14,140000,8,12,4,Default,nov,TAC
PC14,140000,8,13.3,2,Default,nov,TAC
PC14,140000,8,2.8,1,Default,nov,TAC
PC14,140000,8,12.8,1,Default,nov,TAC
PC14,140000,8,21,3,Default,nov,TAC
PC15,140000,8,0,2,Default,nov,TAC
PC15,140000,8,3,4,Default,nov,TAC
PC15,140000,8,5.5,1,Default,nov,TAC
PC15,140000,8,19.7,5,Default,nov,TAC
PC15,140000,8,21.1,4,Default,nov,TAC
PC16,140000,8,3,1,Default,nov,TAC
PC16,140000,8,4.3,1,Default,nov,TAC
PC16,140000,8,9.8,3,Default,nov,TAC
PC16,140000,8,10.4,2,Default,nov,TAC
PC16,140000,8,9.5,1,Default,nov,TAC
PC16,140000,8,4.4,1,Default,nov,TAC
PC16,140000,8,3.2,1,Default,nov,TAC
PC16,140000,8,9.4,2,Default,nov,TAC
PC16,140000,8,10.5,2,Default,nov,TAC
PC16,140000,8,7.4,1,Default,nov,TAC
PC16,140000,8,9,1,Default,nov,TAC
PC16,140000,8,20,10,Default,nov,TAC
PC16,140000,8,5,1,Default,nov,TAC
PC16,140000,8,5.2,2,Default,nov,TAC
PC16,140000,8,22,2,Default,nov,TAC
PC16,140000,8,33,1,Default,nov,TAC